{"files":{"dist":"1594011790985.4744","node_modules":"1594007071237.4248","public\\media":"1593842014559.0742","src\\assets":"1594002619218.7278",".eslintignore":"ceba7dfae1093d6c9bf111949c7b6cbc8df3c4e5",".eslintrc.js":"5fd8c9427c3ff5f34d3850de292ebc9d49e094d6",".gitignore":"5764f489c51935ff18a7615f768133370599466d","README.md":"fe31c2728167c793b74369fb0a8360f63e1b2f6f","babel.config.js":"397abca88c5a451f06a407b93469db551efaa6de","package.json":"ccb8cf439da5b21e3a148be95926983c4f1a4760","postcss.config.js":"5bfb8f62848e704d55379d060cf74ae6415bdf9d","public\\.htaccess":"4dd8c31b115060287cd17ed4be1bb4fce45df191","public\\favicon.ico":"0b56cb2b114350f63e92c61f69a937356c508713","public\\index.html":"7120611ce80bc78329b6bfa3dc46e69e91257270","src\\App.vue":"2355403b62475a4acd966762b3f25acb16b25f1a","src\\core\\config\\i18n\\ch.js":"4f1410e8a676d88809acf0eb16d3cf8ae716e6fc","src\\core\\config\\i18n\\de.js":"7e7d3006bb8a85d0b4189c0c6fde29fffa499272","src\\core\\config\\i18n\\en.js":"c89367df5fa68254e84717faf7431ac888c80bf3","src\\core\\config\\i18n\\es.js":"859afeffa969b35d37ce1edffb91733b04afc110","src\\core\\config\\i18n\\fr.js":"c01d3eeb691bd66e1413437c2df62594b987d1d8","src\\core\\config\\i18n\\jp.js":"19c7d560b03208c851e3f6e59587973305746bec","src\\core\\config\\layout.config.json":"7cc34b56d6d3433d0ee6d91e3c43403b7c8fc111","src\\core\\mock\\demos.json":"46c2c8d5331ba84e31ab45a4d2c9ada20a57788e","src\\core\\mock\\mock.service.js":"941a5964375fb25ec1ca810989dd2e6b7c12301c","src\\core\\plugins\\apexcharts.js":"5ea47174750c71949c2d922a894b32e13cdac728","src\\core\\plugins\\bootstrap-vue.js":"cfbec7af72eaee3697868cae6e1179729ca13bc8","src\\core\\plugins\\highlight-js.js":"14faf72691ca0fc50e3eeb61a5d0618c6aa5edf4","src\\core\\plugins\\inline-svg.js":"44b8d730d0c1047d634741af4b64c55c14de5385","src\\core\\plugins\\metronic.js":"e071770fa93d550b7ed273705d618783e98802ac","src\\core\\plugins\\perfect-scrollbar.js":"9778b62cb069971d8a6dc500d153e60c56bf3fa0","src\\core\\plugins\\portal-vue.js":"1f2eaca7cfe121a08fb9d4ae5190b747705dacb0","src\\core\\plugins\\vue-i18n.js":"02bc396ada3064ffa063bbb8914b3cd7d575df29","src\\core\\plugins\\vuetify.js":"ca6094eff885e012be87beffefa749f73aaf027a","src\\core\\services\\api.service.js":"4a73e3227b747193484dbf90b5c04636aea41162","src\\core\\services\\htmlclass.service.js":"178d13fa2499f4f0b558a5dbf56238a5a76c9de8","src\\core\\services\\i18n.service.js":"f429d8891d7c7c3ab0454f4890392579f27829fa","src\\core\\services\\jwt.service.js":"0e3a9e94882e224bcd8faeb7dc231012504f909e","src\\core\\services\\store\\auth.module.js":"6139711b441da5b14f1d31fb54e17973c62270d4","src\\core\\services\\store\\breadcrumbs.module.js":"653630f81e3eb4495e91614a027f9f8d7e430bb1","src\\core\\services\\store\\config.module.js":"1f46d2055fa3041a6958f4dbd6302de013190481","src\\core\\services\\store\\htmlclass.module.js":"48fa025ef4a3b07fe6efd6cd4df5228a353f1a8c","src\\core\\services\\store\\index.js":"1c2afdce66644da2e8a94346001a7398a8dd7017","src\\core\\services\\store\\store.js":"bb02ce2d2c3ace184b1b4d9f5e98b67d9973b3d8","src\\main.js":"2bd004fc266673f6ebf6a20c4381e47f907afe19","src\\router.js":"137682afa387e871a8662e8d225eb62e53040fe7","src\\view\\content\\Card.vue":"51346f4b90726468195fc9981d9b736af4993663","src\\view\\content\\CodePreview.vue":"10bfb402e4e8837b90eda305bd92a77895ee1f9d","src\\view\\content\\Loader.vue":"73706a0b6e8315b5b1e844cca5157f60fd396e50","src\\view\\content\\dropdown\\Dropdown1.vue":"d976cd15aeda45e32ad96ec242b8e9c515ac675b","src\\view\\content\\dropdown\\Dropdown2.vue":"a78efc2338d8be254a607f0126eb7aa9dea2b4e0","src\\view\\content\\dropdown\\Dropdown3.vue":"0a73047c6bfa8d587e1539489dd7c180be3763c1","src\\view\\content\\dropdown\\Dropdown4.vue":"8b06692cdde7bcff92d6e3e1200ff148ca0a07b6","src\\view\\content\\widgets\\advance-table\\Widget2.vue":"7c9a9876d1651820724de440e05d0ff80e074a9b","src\\view\\content\\widgets\\list\\Widget1.vue":"7ae098f70715036cf1a38c86ddbfa9bb45a320ca","src\\view\\content\\widgets\\list\\Widget3.vue":"3d966cc5b34bdd512c8361ec42c061789771eb6f","src\\view\\content\\widgets\\list\\Widget4.vue":"839623b4a37076fe5de46a9dcbd812d430478599","src\\view\\content\\widgets\\list\\Widget8.vue":"a8c3b8eef07493e5f22d58d26f5191f54b8d76ed","src\\view\\content\\widgets\\list\\Widget9.vue":"9611e1aa8d7596dfd2eef7d8689f653fa2f2b1fe","src\\view\\content\\widgets\\mixed\\Widget1.vue":"f665a162bc00eec58bf9df1bf731f7bce48d55fa","src\\view\\content\\widgets\\stats\\Widget12.vue":"a7efffb2cffe0ec7282092bcb91ae239079e3916","src\\view\\content\\widgets\\stats\\Widget7.vue":"3ca17ced67e92f40133658f650c81e6494ad2b7c","src\\view\\layout\\Layout.vue":"dfa89ee462cc2eac5645c80bfbabbb9de5db1ab3","src\\view\\layout\\aside\\Aside.vue":"8ae8b44925cf6451004e6ccc0e8018ee416ac0f9","src\\view\\layout\\aside\\Menu.vue":"41c095c8e37d5d796e76728061e2127a1b8d3288","src\\view\\layout\\brand\\Brand.vue":"fd76770a2d86c38768a61eff842b97b4a5bc4d69","src\\view\\layout\\extras\\ScrollTop.vue":"d425cd19c33f8213fc4c3cceb80d8cbe3ba40b3d","src\\view\\layout\\extras\\StickyToolbar.vue":"d05a64e138801228986d2e7d749f6f8579b2ae81","src\\view\\layout\\extras\\dropdown\\DropdownLanguage.vue":"cdac1cefdf4b9cc2b15e39bed5012c46c774c2c6","src\\view\\layout\\extras\\dropdown\\DropdownMyCart.vue":"3c172a57f07f3a0edc4b34908c27eaea6bc98604","src\\view\\layout\\extras\\dropdown\\DropdownNotification.vue":"2a36e62c8a4bf28b0651d268a9251d7f8f172c45","src\\view\\layout\\extras\\dropdown\\DropdownQuickAction.vue":"800be926ce0fe0c20d1271bb848e5c401446799d","src\\view\\layout\\extras\\dropdown\\SearchDefault.vue":"f20bfdd01cde6272e73780be0791dd412a43bc6c","src\\view\\layout\\extras\\dropdown\\SearchResult.vue":"8f7c24007a87e968ff7be038b726e8422ddb2ce2","src\\view\\layout\\extras\\offcanvas\\QuickPanel.vue":"34368b740360d7a62d6450d93241053e57f74d10","src\\view\\layout\\extras\\offcanvas\\QuickUser.vue":"c6fa793d868c141abf24228c9965869826aae319","src\\view\\layout\\footer\\Footer.vue":"ad4be6b8f0de27e3f96f0601217ab9ca028b9368","src\\view\\layout\\header\\Header.vue":"fc1213cb8ebb503abfd612c0ac0a0d578669bf1f","src\\view\\layout\\header\\HeaderMobile.vue":"46957f12b009be076f6bcba3a557dddb6986eb51","src\\view\\layout\\header\\Menu.vue":"c149d6ce2154758692476895cfef73f5999ea851","src\\view\\layout\\header\\Topbar.vue":"5620a80cf8487b48b4b06b1fdbea745f766f1008","src\\view\\layout\\subheader\\Subheader.vue":"8f88951717098d31dc251861320856e32e30d2b0","src\\view\\pages\\Builder.vue":"7a848d54a4c3f74e86eec9567728abf48a756a2c","src\\view\\pages\\Dashboard.vue":"b79d754b70f33ae7a24b08ca2170f15dc0056669","src\\view\\pages\\auth\\Auth.vue":"abf8a298a12a715a9c444dc2a6c0bc1e5c887435","src\\view\\pages\\auth\\Login.vue":"ca70b1bb1a402bcb0df056a62cdc4b422364874c","src\\view\\pages\\auth\\Register.vue":"f710a935e884c87fdcbbcd51501806dba46fbf1b","src\\view\\pages\\error\\Error-1.vue":"a0dc177c8069e5a5563eb39c02d803117967617a","src\\view\\pages\\error\\Error-2.vue":"c58a17d0d514e055d0769cb22df26c5066770929","src\\view\\pages\\error\\Error-3.vue":"767e859e7ce0875b7330bb143edd437d60b2e63d","src\\view\\pages\\error\\Error-4.vue":"e8298652236ad11e87d05c2e2c9ea04c5d97e144","src\\view\\pages\\error\\Error-5.vue":"6f2d2b10b20aa99a442bd7e3f793b5e9efc3080f","src\\view\\pages\\error\\Error-6.vue":"278e2d3b5e71f51a89c92874cbbabefe085273a8","src\\view\\pages\\error\\Error.vue":"29ae9d2a0d5ac98c6ff6104ec7f9afb0834b0363","src\\view\\pages\\vue-bootstrap\\Alert.vue":"5f096abe35a9e023aafd2e2e80f18b2c17eade1d","src\\view\\pages\\vue-bootstrap\\Badge.vue":"f6fffcdaab7eb73611d5159a3c06d9421c580402","src\\view\\pages\\vue-bootstrap\\Button.vue":"84df13d5e79e0262018267646645a6050c5484ff","src\\view\\pages\\vue-bootstrap\\ButtonGroup.vue":"39fb792069316b6d642d144103edb6df64bcf39a","src\\view\\pages\\vue-bootstrap\\ButtonToolbar.vue":"1ae2c796883dc80bb5f24c1ad8df2e4df5e8eeaa","src\\view\\pages\\vue-bootstrap\\Card.vue":"2c6bd2db6a909307cd5a285198de974548dbac21","src\\view\\pages\\vue-bootstrap\\Carousel.vue":"d45f406594e81dff8816d65d48e1e4f2a233d2c3","src\\view\\pages\\vue-bootstrap\\Collapse.vue":"c7acabb04c80dcb1ca40d1c91f4c6f5184c13746","src\\view\\pages\\vue-bootstrap\\Dropdown.vue":"667cb468e9569434d91163a8f29523a61de5f25f","src\\view\\pages\\vue-bootstrap\\Embed.vue":"8db448ec8119bac5e3d50ea644d838e530259ba2","src\\view\\pages\\vue-bootstrap\\Form.vue":"26cc6055865c01c80c6792319298fe2914dd4720","src\\view\\pages\\vue-bootstrap\\FormCheckbox.vue":"11568de84ce9f7561640e99e611dd2277e7d44cb","src\\view\\pages\\vue-bootstrap\\FormFile.vue":"9c4b34c87246bfc9d085e62937ea7df4ac145edc","src\\view\\pages\\vue-bootstrap\\FormGroup.vue":"2b341067d53ae64f249d7db1d2fd00993485e154","src\\view\\pages\\vue-bootstrap\\FormInput.vue":"234bf37ad4f22e5c524793290613affda72910f1","src\\view\\pages\\vue-bootstrap\\FormRadio.vue":"3998831360541e87baefc441e17cca156c13483e","src\\view\\pages\\vue-bootstrap\\FormSelect.vue":"280c41aede4740c99c82879b48d16c8de4b3295f","src\\view\\pages\\vue-bootstrap\\FormTextarea.vue":"26825504387c508ee3f5968abb914a7377a0f76c","src\\view\\pages\\vue-bootstrap\\Image.vue":"85cbcaa18459d8478f9f8385552ed66ba99e9add","src\\view\\pages\\vue-bootstrap\\InputGroup.vue":"6ebe30dace233699168d1827207bdedb2bea26aa","src\\view\\pages\\vue-bootstrap\\Jumbotron.vue":"fd04633b06d688cd9929b1d01325ebc1242032f2","src\\view\\pages\\vue-bootstrap\\LayoutGridSystem.vue":"2f9e853e14dd1fbb734d16519a2707ad97039215","src\\view\\pages\\vue-bootstrap\\Link.vue":"7d3b928d37a26e06c2df98ad6439efd6d5bc4ab8","src\\view\\pages\\vue-bootstrap\\ListGroup.vue":"5e2bc677e29e8e943d16c588ad7e642fe9a8d550","src\\view\\pages\\vue-bootstrap\\Media.vue":"ceeaedf7e859007f5008e9f384c1da9c4ec33b58","src\\view\\pages\\vue-bootstrap\\Modal.vue":"bf11fd3ea22e6b003f177fd96c0cbca4e7b397e5","src\\view\\pages\\vue-bootstrap\\Nav.vue":"69c3b3769da62cbe474682aa2a0df1562e182743","src\\view\\pages\\vue-bootstrap\\Navbar.vue":"0fb7c9d0079697c2dd445c558b9c2924fbb90e64","src\\view\\pages\\vue-bootstrap\\Pagination.vue":"7a18ac147228a3a6937cefc01f764778e8135a66","src\\view\\pages\\vue-bootstrap\\PaginationNav.vue":"309fd3b07d62ae0a5947ef540936d07ce222cab0","src\\view\\pages\\vue-bootstrap\\Popover.vue":"02413996d4d39e887c48a5a1dc80eb0c6a4f46b3","src\\view\\pages\\vue-bootstrap\\Progress.vue":"1875761b0c2aea3616bc3edea4ea24c221d087ec","src\\view\\pages\\vue-bootstrap\\Spinner.vue":"599b2847cd9c20f502495891d433e7be15c72d19","src\\view\\pages\\vue-bootstrap\\Table.vue":"173416faff2863931780a51855777ed7ca772f83","src\\view\\pages\\vue-bootstrap\\Tabs.vue":"7100ad74714b184a52c3ccce3276b4a70ab3c024","src\\view\\pages\\vue-bootstrap\\Toasts.vue":"9ecaf397901e084e5d507cee8790f3f9fd61a472","src\\view\\pages\\vue-bootstrap\\Tooltip.vue":"94d659a7eb1178253c8994bf688bb90e8a37a064","src\\view\\pages\\vue-bootstrap\\VueBootstrap.vue":"01ef3f4809c12e5055d0887c5b832c4f9a2f448e","src\\view\\pages\\vuetify\\Alerts.vue":"48f1413f7c5e12451c533871f8101226395268e1","src\\view\\pages\\vuetify\\Avatars.vue":"e2088db5ab5cd758c0701501e41f672ccc9b7fab","src\\view\\pages\\vuetify\\Badges.vue":"d7d6da2c7fddb4cdf0db71476cce526b39c5b859","src\\view\\pages\\vuetify\\Buttons.vue":"ffba9f72067d161d4668715246e9027407ba436c","src\\view\\pages\\vuetify\\Calendars.vue":"3ec05f46d7f43124d822bc39acdba8d52919430a","src\\view\\pages\\vuetify\\Cards.vue":"ce9ef5fc2ef650ad16c03f89b3fa585d9620217f","src\\view\\pages\\vuetify\\Chips.vue":"fde3098736113ce6776e27fc5fb21f3ae7d90976","src\\view\\pages\\vuetify\\Dialog.vue":"207b5f9eefd83fd81c936084a550bc3b9d890d02","src\\view\\pages\\vuetify\\Tabs.vue":"9097fc94c193ca9999af7d79dd8d856eb2e20670","src\\view\\pages\\vuetify\\Timelines.vue":"a3aa75dde86f2ae4e85930175818385b57c5cf00","src\\view\\pages\\vuetify\\Tooltips.vue":"a5c74f7ac276aefc99a133b5b5d796f9c95695cf","src\\view\\pages\\vuetify\\Treeview.vue":"387c669ebb832a99d3c4a537ef93fbb7c0cde9ab","src\\view\\pages\\vuetify\\Vuetify.vue":"22255e7cb2b8b2928c853da198ce63215492c1db","src\\view\\pages\\vuetify\\forms\\Autocompletes.vue":"027fee6084bfb55abdbcabc9965f1f9e8b8bed39","src\\view\\pages\\vuetify\\forms\\FileInputs.vue":"bc023b906036cc768a4776c8e7c171a89f6c9477","src\\view\\pages\\vuetify\\forms\\Forms.vue":"5fe0a50eb54bad6c6f199205f15dfcca4ff6f226","src\\view\\pages\\vuetify\\forms\\SelectionControls.vue":"231c58b6305e2182e92db7ef8d0bb2d65457cf67","src\\view\\pages\\vuetify\\forms\\Selects.vue":"6c4c84248d18854b8afe905603fd1375a8b252fb","src\\view\\pages\\vuetify\\forms\\TextFields.vue":"f8f9ca99221cc8bb5cf892f13576bb9eb0b72ca9","src\\view\\pages\\vuetify\\forms\\Textareas.vue":"396cdd2cc4b907b7ce9794c1d17951c91b3fd21e","src\\view\\pages\\vuetify\\tables\\DataTables.vue":"415aae7b7228b8e23ad7efec34a6712db6cee8a1","src\\view\\pages\\vuetify\\tables\\SimpleTables.vue":"3f95d3d11aec5e619ff718be22d0183c285a04e4","src\\view\\pages\\wizard\\Wizard-1.vue":"cc956de4022fe7b7ab14f0bc8c6e201043768159","src\\view\\pages\\wizard\\Wizard-2.vue":"8534340b9f6e8d68594c9728454148582e16832e","src\\view\\pages\\wizard\\Wizard-3.vue":"a623f0de76663793589f69e05ed373f442d9a809","src\\view\\pages\\wizard\\Wizard-4.vue":"186ebb00d2bcc81b2025772265df6a368b0657c9","src\\view\\pages\\wizard\\Wizard.vue":"0a6f4161eb73ac682c5b99c47327e7f417bcc2cc","vue.config.js":"b36df12c30c688f5845fa8a95141cd996debc282","webpack-rtl.config.js":"d7528e9b882aa69947d16ce8771d36db9af2aa74"},"deps":{}}